Title,Company,Location,Links,Time
Senior Python Developer,"Payne, Roberts and Davis","Stewartbury, AA",https://realpython.github.io/fake-jobs/jobs/senior-python-developer-0.html,2026-05-03 18:42
Software Engineer (Python),Garcia PLC,"Ericberg, AE",https://realpython.github.io/fake-jobs/jobs/software-engineer-python-10.html,2026-05-03 18:42
Python Programmer (Entry-Level),"Moss, Duncan and Allen","Port Sara, AE",https://realpython.github.io/fake-jobs/jobs/python-programmer-entry-level-20.html,2026-05-03 18:42
Python Programmer (Entry-Level),Cooper and Sons,"West Victor, AE",https://realpython.github.io/fake-jobs/jobs/python-programmer-entry-level-30.html,2026-05-03 18:42
Software Developer (Python),Adams-Brewer,"Brockburgh, AE",https://realpython.github.io/fake-jobs/jobs/software-developer-python-40.html,2026-05-03 18:42
Python Developer,Rivera and Sons,"East Michaelfort, AA",https://realpython.github.io/fake-jobs/jobs/python-developer-50.html,2026-05-03 18:42
"Back-End Web Developer (Python, Django)",Stewart-Alexander,"South Kimberly, AA",https://realpython.github.io/fake-jobs/jobs/back-end-web-developer-python-django-60.html,2026-05-03 18:42
"Back-End Web Developer (Python, Django)","Jackson, Ali and Mckee","New Elizabethside, AA",https://realpython.github.io/fake-jobs/jobs/back-end-web-developer-python-django-70.html,2026-05-03 18:42
Python Programmer (Entry-Level),Mathews Inc,"Robertborough, AP",https://realpython.github.io/fake-jobs/jobs/python-programmer-entry-level-80.html,2026-05-03 18:42
Software Developer (Python),Moreno-Rodriguez,"Martinezburgh, AE",https://realpython.github.io/fake-jobs/jobs/software-developer-python-90.html,2026-05-03 18:42
